{"Bounds":{"center":{"x":21.3956718,"y":6.27641249,"z":46.42225},"extents":{"x":31.5898552,"y":6.77696276,"z":39.23625},"max":{"x":52.985527,"y":13.0533752,"z":85.6585},"min":{"x":-10.1941833,"y":-0.50055027,"z":7.185997},"size":{"x":63.17971,"y":13.5539255,"z":78.4725}},"ObjectInfoList":[{"m_Bounds":{"center":{"x":26.619585,"y":6.276413,"z":79.3380356},"extents":{"x":6.26053047,"y":6.77696228,"z":6.320465},"max":{"x":32.8801155,"y":13.0533752,"z":85.6585},"min":{"x":20.3590546,"y":-0.5005493,"z":73.01757},"size":{"x":12.5210609,"y":13.5539246,"z":12.64093}},"m_Position":{"x":26.8323784,"y":0,"z":79.69583},"m_ResPath":"Assets\/AssetBundleRes\/scene\/detail\/Trees\/Birch_tree1.prefab","m_Rotation":{"x":-0,"y":0,"z":0},"m_Size":{"x":1,"y":1,"z":1}},{"m_Bounds":{"center":{"x":46.725,"y":6.276413,"z":13.506465},"extents":{"x":6.26052856,"y":6.77696228,"z":6.320466},"max":{"x":52.985527,"y":13.0533752,"z":19.826931},"min":{"x":40.46447,"y":-0.5005493,"z":7.185999},"size":{"x":12.5210571,"y":13.5539246,"z":12.6409321}},"m_Position":{"x":46.93779,"y":0,"z":13.86426},"m_ResPath":"Assets\/AssetBundleRes\/scene\/detail\/Trees\/Birch_tree2.prefab","m_Rotation":{"x":-0,"y":0,"z":0},"m_Size":{"x":1,"y":1,"z":1}},{"m_Bounds":{"center":{"x":-3.93365288,"y":6.276412,"z":15.73355},"extents":{"x":6.26053047,"y":6.77696228,"z":6.320466},"max":{"x":2.32687759,"y":13.0533743,"z":22.0540161},"min":{"x":-10.1941833,"y":-0.50055027,"z":9.413084},"size":{"x":12.5210609,"y":13.5539246,"z":12.6409321}},"m_Position":{"x":-3.72085953,"y":-9.536743E-07,"z":16.0913448},"m_ResPath":"Assets\/AssetBundleRes\/scene\/detail\/Trees\/Birch_tree1.prefab","m_Rotation":{"x":-0,"y":0,"z":0},"m_Size":{"x":1,"y":1,"z":1}}]}